date,dayofweek,month,is_weekend,is_peak_season,ridership
2020-01-01,Wednesday,1,False,False,16124.964905033803
2020-01-02,Thursday,1,False,False,16133.57589307957
2020-01-03,Friday,1,False,False,11381.668559646834
2020-01-04,Saturday,1,True,False,9478.817464682406
2020-01-05,Sunday,1,True,False,12132.964074519561
2020-01-06,Monday,1,False,False,20783.800628250978
2020-01-07,Tuesday,1,False,False,18166.836726772122
2020-01-08,Wednesday,1,False,False,15661.809352178718
2020-01-09,Thursday,1,False,False,14796.7203166357
2020-01-10,Friday,1,False,False,10363.38426260015
2020-01-11,Saturday,1,True,False,11552.2333165326
2020-01-12,Sunday,1,True,False,13364.89301950904
2020-01-13,Monday,1,False,False,19388.52803243483
2020-01-14,Tuesday,1,False,False,16811.760183031252
2020-01-15,Wednesday,1,False,False,16717.94724569187
2020-01-16,Thursday,1,False,False,12501.8411876751
2020-01-17,Friday,1,False,False,11079.516313034172
2020-01-18,Saturday,1,True,False,11546.771716236608
2020-01-19,Sunday,1,True,False,11631.230767270263
2020-01-20,Monday,1,False,False,19099.64408094868
2020-01-21,Tuesday,1,False,False,17221.721916002538
2020-01-22,Wednesday,1,False,False,16446.535202711504
2020-01-23,Thursday,1,False,False,13764.320953814848
2020-01-24,Friday,1,False,False,12336.981864941672
2020-01-25,Saturday,1,True,False,11436.156341623378
2020-01-26,Sunday,1,True,False,12117.010249440256
2020-01-27,Monday,1,False,False,18453.391170036826
2020-01-28,Tuesday,1,False,False,16010.999872383498
2020-01-29,Wednesday,1,False,False,17508.553818424793
2020-01-30,Thursday,1,False,False,12962.835108818519
2020-01-31,Friday,1,False,False,12025.664007276686
2020-02-01,Saturday,2,True,False,8824.249709529116
2020-02-02,Sunday,2,True,False,11330.705397464359
2020-02-03,Monday,2,False,False,19732.59931353486
2020-02-04,Tuesday,2,False,False,18971.32181901493
2020-02-05,Wednesday,2,False,False,16273.555536601909
2020-02-06,Thursday,2,False,False,14300.929616684629
2020-02-07,Friday,2,False,False,12098.622383061716
2020-02-08,Saturday,2,True,False,10823.775250731773
2020-02-09,Sunday,2,True,False,11735.399577602708
2020-02-10,Monday,2,False,False,20034.647942782023
2020-02-11,Tuesday,2,False,False,16856.42002935213
2020-02-12,Wednesday,2,False,False,15732.793598330161
2020-02-13,Thursday,2,False,False,13934.084014933178
2020-02-14,Friday,2,False,False,11009.959783243448
2020-02-15,Saturday,2,True,False,10311.679497664676
2020-02-16,Sunday,2,True,False,12435.478048818406
2020-02-17,Monday,2,False,False,19983.96098874102
2020-02-18,Tuesday,2,False,False,18648.558377897298
2020-02-19,Wednesday,2,False,False,16777.083749691512
2020-02-20,Thursday,2,False,False,13264.69006675448
2020-02-21,Friday,2,False,False,11179.86041029246
2020-02-22,Saturday,2,True,False,9512.85373167446
2020-02-23,Sunday,2,True,False,11495.201761111523
2020-02-24,Monday,2,False,False,21638.413749540032
2020-02-25,Tuesday,2,False,False,16703.82505499012
2020-02-26,Wednesday,2,False,False,15610.849124432969
2020-02-27,Thursday,2,False,False,13163.628352054024
2020-02-28,Friday,2,False,False,11570.250866017283
2020-02-29,Saturday,2,True,False,10928.558037431862
2020-03-01,Sunday,3,True,False,9478.17853940227
2020-03-02,Monday,3,False,False,22408.15432026068
2020-03-03,Tuesday,3,False,False,19042.77020448994
2020-03-04,Wednesday,3,False,False,15055.23608365848
2020-03-05,Thursday,3,False,False,13215.612817612184
2020-03-06,Friday,3,False,False,11179.62290888251
2020-03-07,Saturday,3,True,False,8727.943720291805
2020-03-08,Sunday,3,True,False,12306.944590458157
2020-03-09,Monday,3,False,False,20508.998935806045
2020-03-10,Tuesday,3,False,False,16637.712090206936
2020-03-11,Wednesday,3,False,False,18013.898720802557
2020-03-12,Thursday,3,False,False,15709.65137713442
2020-03-13,Friday,3,False,False,13543.058128925097
2020-03-14,Saturday,3,True,False,10110.815912241571
2020-03-15,Sunday,3,True,False,11830.587231792439
2020-03-16,Monday,3,False,False,21166.512121893138
2020-03-17,Tuesday,3,False,False,18680.98004129985
2020-03-18,Wednesday,3,False,False,15381.540721812014
2020-03-19,Thursday,3,False,False,14070.727092338595
2020-03-20,Friday,3,False,False,12794.052333714357
2020-03-21,Saturday,3,True,False,10206.495398375895
2020-03-22,Sunday,3,True,False,12845.469550676686
2020-03-23,Monday,3,False,False,19770.121203222192
2020-03-24,Tuesday,3,False,False,18711.926431048687
2020-03-25,Wednesday,3,False,False,15178.518936155333
2020-03-26,Thursday,3,False,False,14410.857792993305
2020-03-27,Friday,3,False,False,13051.696813489983
2020-03-28,Saturday,3,True,False,9170.85618938263
2020-03-29,Sunday,3,True,False,14320.377087047389
2020-03-30,Monday,3,False,False,20230.42644411945
2020-03-31,Tuesday,3,False,False,16898.254423706738
2020-04-01,Wednesday,4,False,False,17821.625694231916
2020-04-02,Thursday,4,False,False,13250.912927633815
2020-04-03,Friday,4,False,False,12246.498965849534
2020-04-04,Saturday,4,True,False,11207.84572352032
2020-04-05,Sunday,4,True,False,13881.953108639791
2020-04-06,Monday,4,False,False,19023.01935269617
2020-04-07,Tuesday,4,False,False,18174.279560470703
2020-04-08,Wednesday,4,False,False,16315.964605980784
2020-04-09,Thursday,4,False,False,15168.263793332724
2020-04-10,Friday,4,False,False,11070.831418122996
2020-04-11,Saturday,4,True,False,11768.338280670627
2020-04-12,Sunday,4,True,False,10827.1018322484
2020-04-13,Monday,4,False,False,21245.144690172954
2020-04-14,Tuesday,4,False,False,17569.03738506185
2020-04-15,Wednesday,4,False,False,16570.247883902404
2020-04-16,Thursday,4,False,False,15379.998723269991
2020-04-17,Friday,4,False,False,13889.823450272293
2020-04-18,Saturday,4,True,False,8979.592529678914
2020-04-19,Sunday,4,True,False,11011.629608311734
2020-04-20,Monday,4,False,False,21389.670061669047
2020-04-21,Tuesday,4,False,False,19519.890086568153
2020-04-22,Wednesday,4,False,False,15762.627595800657
2020-04-23,Thursday,4,False,False,14249.674539776293
2020-04-24,Friday,4,False,False,9414.577456340354
2020-04-25,Saturday,4,True,False,10883.13367999703
2020-04-26,Sunday,4,True,False,10252.067677302271
2020-04-27,Monday,4,False,False,20546.443498688932
2020-04-28,Tuesday,4,False,False,17790.71433404622
2020-04-29,Wednesday,4,False,False,16858.974324921946
2020-04-30,Thursday,4,False,False,13941.366271272833
2020-05-01,Friday,5,False,False,12806.8478180919
2020-05-02,Saturday,5,True,False,9514.169402192378
2020-05-03,Sunday,5,True,False,11620.410354258076
2020-05-04,Monday,5,False,False,18478.183370332736
2020-05-05,Tuesday,5,False,False,17293.651568649668
2020-05-06,Wednesday,5,False,False,16547.226718803675
2020-05-07,Thursday,5,False,False,15275.249693282798
2020-05-08,Friday,5,False,False,11741.07990425492
2020-05-09,Saturday,5,True,False,9889.105646154623
2020-05-10,Sunday,5,True,False,12060.853289183966
2020-05-11,Monday,5,False,False,20288.040958860158
2020-05-12,Tuesday,5,False,False,15678.252357981157
2020-05-13,Wednesday,5,False,False,15450.631181135324
2020-05-14,Thursday,5,False,False,13324.499811175248
2020-05-15,Friday,5,False,False,13281.371222588581
2020-05-16,Saturday,5,True,False,8285.329112689094
2020-05-17,Sunday,5,True,False,11440.990603529122
2020-05-18,Monday,5,False,False,19821.8747150243
2020-05-19,Tuesday,5,False,False,15959.534919895948
2020-05-20,Wednesday,5,False,False,17474.670218285773
2020-05-21,Thursday,5,False,False,14040.591868723834
2020-05-22,Friday,5,False,False,13810.632399213064
2020-05-23,Saturday,5,True,False,10698.305883887264
2020-05-24,Sunday,5,True,False,11349.445135782315
2020-05-25,Monday,5,False,False,21067.371387779003
2020-05-26,Tuesday,5,False,False,16270.529959808226
2020-05-27,Wednesday,5,False,False,15103.371851884789
2020-05-28,Thursday,5,False,False,14183.331135092689
2020-05-29,Friday,5,False,False,11392.077107070812
2020-05-30,Saturday,5,True,False,11222.800756317112
2020-05-31,Sunday,5,True,False,12965.421526639659
2020-06-01,Monday,6,False,True,25513.863891349603
2020-06-02,Tuesday,6,False,True,23691.047028466797
2020-06-03,Wednesday,6,False,True,21881.34873180133
2020-06-04,Thursday,6,False,True,18778.53159029418
2020-06-05,Friday,6,False,True,16623.579985924596
2020-06-06,Saturday,6,True,True,16029.17004890139
2020-06-07,Sunday,6,True,True,16066.211186981745
2020-06-08,Monday,6,False,True,24244.673617757177
2020-06-09,Tuesday,6,False,True,23807.261342593043
2020-06-10,Wednesday,6,False,True,21158.417144838393
2020-06-11,Thursday,6,False,True,17832.9364409599
2020-06-12,Friday,6,False,True,16345.630102103429
2020-06-13,Saturday,6,True,True,16106.58384061063
2020-06-14,Sunday,6,True,True,18787.103171371295
2020-06-15,Monday,6,False,True,26554.93253152637
2020-06-16,Tuesday,6,False,True,22638.67037149632
2020-06-17,Wednesday,6,False,True,19560.625377276716
2020-06-18,Thursday,6,False,True,18004.674904694893
2020-06-19,Friday,6,False,True,18630.338794715186
2020-06-20,Saturday,6,True,True,15710.725593122248
2020-06-21,Sunday,6,True,True,15661.260014376305
2020-06-22,Monday,6,False,True,23223.117892855225
2020-06-23,Tuesday,6,False,True,21891.217622018536
2020-06-24,Wednesday,6,False,True,20506.94230088837
2020-06-25,Thursday,6,False,True,19130.78099411976
2020-06-26,Friday,6,False,True,15831.475675082178
2020-06-27,Saturday,6,True,True,15237.034001124035
2020-06-28,Sunday,6,True,True,15772.614793342118
2020-06-29,Monday,6,False,True,24586.306080716575
2020-06-30,Tuesday,6,False,True,22746.599546139372
2020-07-01,Wednesday,7,False,True,21205.99823151311
2020-07-02,Thursday,7,False,True,17534.303849912594
2020-07-03,Friday,7,False,True,16409.205306283933
2020-07-04,Saturday,7,True,True,13527.145597821227
2020-07-05,Sunday,7,True,True,14815.464332921341
2020-07-06,Monday,7,False,True,25525.19952002456
2020-07-07,Tuesday,7,False,True,23010.241342202346
2020-07-08,Wednesday,7,False,True,21768.16585889732
2020-07-09,Thursday,7,False,True,19618.082333463346
2020-07-10,Friday,7,False,True,16106.107814522093
2020-07-11,Saturday,7,True,True,15001.528143569674
2020-07-12,Sunday,7,True,True,15830.81063193319
2020-07-13,Monday,7,False,True,25558.085561884156
2020-07-14,Tuesday,7,False,True,23979.97743972033
2020-07-15,Wednesday,7,False,True,21354.92019533445
2020-07-16,Thursday,7,False,True,20304.899538534704
2020-07-17,Friday,7,False,True,16505.160379158355
2020-07-18,Saturday,7,True,True,16503.652127798152
2020-07-19,Sunday,7,True,True,15803.904424096932
2020-07-20,Monday,7,False,True,25189.471218496543
2020-07-21,Tuesday,7,False,True,21067.331809935433
2020-07-22,Wednesday,7,False,True,21844.54121505099
2020-07-23,Thursday,7,False,True,19500.04982812665
2020-07-24,Friday,7,False,True,14788.824001667857
2020-07-25,Saturday,7,True,True,14634.699666219665
2020-07-26,Sunday,7,True,True,17225.987712707232
2020-07-27,Monday,7,False,True,24161.74157496001
2020-07-28,Tuesday,7,False,True,22106.434760029213
2020-07-29,Wednesday,7,False,True,21267.180162492376
2020-07-30,Thursday,7,False,True,16831.053663412138
2020-07-31,Friday,7,False,True,15235.217209084441
2020-08-01,Saturday,8,True,True,14993.350314224852
2020-08-02,Sunday,8,True,True,16551.022602135294
2020-08-03,Monday,8,False,True,25591.590916725025
2020-08-04,Tuesday,8,False,True,22768.55716682928
2020-08-05,Wednesday,8,False,True,21367.01873594478
2020-08-06,Thursday,8,False,True,20027.465304357775
2020-08-07,Friday,8,False,True,15608.46286301043
2020-08-08,Saturday,8,True,True,17587.094908303126
2020-08-09,Sunday,8,True,True,17452.994546243193
2020-08-10,Monday,8,False,True,22780.602854644894
2020-08-11,Tuesday,8,False,True,22910.25690017409
2020-08-12,Wednesday,8,False,True,19407.035467600756
2020-08-13,Thursday,8,False,True,18400.291944376262
2020-08-14,Friday,8,False,True,15412.583721589861
2020-08-15,Saturday,8,True,True,13435.524043200201
2020-08-16,Sunday,8,True,True,17412.178829569995
2020-08-17,Monday,8,False,True,25439.772734657054
2020-08-18,Tuesday,8,False,True,23466.847949013354
2020-08-19,Wednesday,8,False,True,20280.40176328118
2020-08-20,Thursday,8,False,True,18095.66713406059
2020-08-21,Friday,8,False,True,16512.284265741302
2020-08-22,Saturday,8,True,True,16041.671902750286
2020-08-23,Sunday,8,True,True,15737.297870921531
2020-08-24,Monday,8,False,True,25056.97652455546
2020-08-25,Tuesday,8,False,True,24571.111767811857
2020-08-26,Wednesday,8,False,True,21622.102201474343
2020-08-27,Thursday,8,False,True,19318.7561232437
2020-08-28,Friday,8,False,True,16763.188196139876
2020-08-29,Saturday,8,True,True,15343.007746247986
2020-08-30,Sunday,8,True,True,17604.731226941032
2020-08-31,Monday,8,False,True,25783.781897983285
2020-09-01,Tuesday,9,False,False,18060.622110516702
2020-09-02,Wednesday,9,False,False,15415.741158862162
2020-09-03,Thursday,9,False,False,13677.250443421935
2020-09-04,Friday,9,False,False,10959.743254924542
2020-09-05,Saturday,9,True,False,9429.051592644246
2020-09-06,Sunday,9,True,False,10751.75822294708
2020-09-07,Monday,9,False,False,19689.767474873657
2020-09-08,Tuesday,9,False,False,18671.807349928727
2020-09-09,Wednesday,9,False,False,15942.760867937455
2020-09-10,Thursday,9,False,False,14093.336469371648
2020-09-11,Friday,9,False,False,11568.91604575569
2020-09-12,Saturday,9,True,False,9385.844194820394
2020-09-13,Sunday,9,True,False,11893.896635242761
2020-09-14,Monday,9,False,False,20047.731173943946
2020-09-15,Tuesday,9,False,False,17761.536519538677
2020-09-16,Wednesday,9,False,False,15745.552262046149
2020-09-17,Thursday,9,False,False,13978.951683029816
2020-09-18,Friday,9,False,False,13241.064712057087
2020-09-19,Saturday,9,True,False,9196.291319431988
2020-09-20,Sunday,9,True,False,13605.937151623326
2020-09-21,Monday,9,False,False,20332.18442695991
2020-09-22,Tuesday,9,False,False,19459.26293500483
2020-09-23,Wednesday,9,False,False,16420.379462485987
2020-09-24,Thursday,9,False,False,14241.577584605488
2020-09-25,Friday,9,False,False,11634.506017822247
2020-09-26,Saturday,9,True,False,12017.201623917428
2020-09-27,Sunday,9,True,False,12018.122492194088
2020-09-28,Monday,9,False,False,18728.858012930657
2020-09-29,Tuesday,9,False,False,18736.45797512839
2020-09-30,Wednesday,9,False,False,14756.47394938927
2020-10-01,Thursday,10,False,False,14283.706687468672
2020-10-02,Friday,10,False,False,12773.283547204357
2020-10-03,Saturday,10,True,False,11019.263012133517
2020-10-04,Sunday,10,True,False,11730.194065043295
2020-10-05,Monday,10,False,False,19817.793454855513
2020-10-06,Tuesday,10,False,False,17133.61048481035
2020-10-07,Wednesday,10,False,False,14964.35262015688
2020-10-08,Thursday,10,False,False,13940.919857706966
2020-10-09,Friday,10,False,False,13711.204764857066
2020-10-10,Saturday,10,True,False,9254.968195380588
2020-10-11,Sunday,10,True,False,11055.365027439173
2020-10-12,Monday,10,False,False,20569.270377145098
2020-10-13,Tuesday,10,False,False,17124.14527278293
2020-10-14,Wednesday,10,False,False,15139.256092472257
2020-10-15,Thursday,10,False,False,14640.687794265838
2020-10-16,Friday,10,False,False,11950.60540269142
2020-10-17,Saturday,10,True,False,10254.487971372619
2020-10-18,Sunday,10,True,False,13820.928297670596
2020-10-19,Monday,10,False,False,20222.42035745637
2020-10-20,Tuesday,10,False,False,17857.565499738077
2020-10-21,Wednesday,10,False,False,15181.412627790023
2020-10-22,Thursday,10,False,False,12428.107121804804
2020-10-23,Friday,10,False,False,12289.686899117482
2020-10-24,Saturday,10,True,False,10632.968063352053
2020-10-25,Sunday,10,True,False,11256.636144876973
2020-10-26,Monday,10,False,False,20466.680385498294
2020-10-27,Tuesday,10,False,False,19080.978255977116
2020-10-28,Wednesday,10,False,False,16404.929954202238
2020-10-29,Thursday,10,False,False,16458.360571976864
2020-10-30,Friday,10,False,False,13149.34556626477
2020-10-31,Saturday,10,True,False,10143.437193949012
2020-11-01,Sunday,11,True,False,13611.116491169527
2020-11-02,Monday,11,False,False,21091.93817272341
2020-11-03,Tuesday,11,False,False,17242.554271904188
2020-11-04,Wednesday,11,False,False,16443.514261942455
2020-11-05,Thursday,11,False,False,15267.028926919993
2020-11-06,Friday,11,False,False,12216.892195274819
2020-11-07,Saturday,11,True,False,8966.589623460262
2020-11-08,Sunday,11,True,False,13675.544443123035
2020-11-09,Monday,11,False,False,19754.444212041595
2020-11-10,Tuesday,11,False,False,17630.5152621777
2020-11-11,Wednesday,11,False,False,15302.811149032133
2020-11-12,Thursday,11,False,False,14433.795852009604
2020-11-13,Friday,11,False,False,11446.166449762442
2020-11-14,Saturday,11,True,False,10338.501522280809
2020-11-15,Sunday,11,True,False,11415.67520333597
2020-11-16,Monday,11,False,False,20289.477083223057
2020-11-17,Tuesday,11,False,False,18764.858217712946
2020-11-18,Wednesday,11,False,False,17169.592322619625
2020-11-19,Thursday,11,False,False,13875.387666257722
2020-11-20,Friday,11,False,False,11824.748223785062
2020-11-21,Saturday,11,True,False,9573.953990124954
2020-11-22,Sunday,11,True,False,11685.852577579733
2020-11-23,Monday,11,False,False,20738.541062143973
2020-11-24,Tuesday,11,False,False,20542.098344848197
2020-11-25,Wednesday,11,False,False,14771.264921219708
2020-11-26,Thursday,11,False,False,14972.226964847188
2020-11-27,Friday,11,False,False,10393.673548293911
2020-11-28,Saturday,11,True,False,7805.707046716523
2020-11-29,Sunday,11,True,False,12073.239744338201
2020-11-30,Monday,11,False,False,18861.64670550752
2020-12-01,Tuesday,12,False,False,17477.821249579025
2020-12-02,Wednesday,12,False,False,15062.535459492665
2020-12-03,Thursday,12,False,False,15027.003579088952
2020-12-04,Friday,12,False,False,10430.940268182972
2020-12-05,Saturday,12,True,False,9381.609336881816
2020-12-06,Sunday,12,True,False,11548.458196126974
2020-12-07,Monday,12,False,False,21156.772452046018
2020-12-08,Tuesday,12,False,False,18089.259508757554
2020-12-09,Wednesday,12,False,False,15659.106028394614
2020-12-10,Thursday,12,False,False,14854.018069963427
2020-12-11,Friday,12,False,False,12895.446727492488
2020-12-12,Saturday,12,True,False,9991.56473640469
2020-12-13,Sunday,12,True,False,11879.647053278644
2020-12-14,Monday,12,False,False,21656.426076174357
2020-12-15,Tuesday,12,False,False,17265.145282189584
2020-12-16,Wednesday,12,False,False,14651.654284435299
2020-12-17,Thursday,12,False,False,12374.888188003071
2020-12-18,Friday,12,False,False,12056.57311345258
2020-12-19,Saturday,12,True,False,9513.810261492845
2020-12-20,Sunday,12,True,False,12423.776743211089
2020-12-21,Monday,12,False,False,21311.334431142768
2020-12-22,Tuesday,12,False,False,18323.51606926627
2020-12-23,Wednesday,12,False,False,15632.01542779183
2020-12-24,Thursday,12,False,False,13684.907115407288
2020-12-25,Friday,12,False,False,11451.776190937353
2020-12-26,Saturday,12,True,False,11102.415631284068
2020-12-27,Sunday,12,True,False,12600.12337413524
2020-12-28,Monday,12,False,False,18559.095942714495
2020-12-29,Tuesday,12,False,False,17518.15289707076
2020-12-30,Wednesday,12,False,False,15166.062711052025
2020-12-31,Thursday,12,False,False,14231.133868780556
2021-01-01,Friday,1,False,False,12105.46313364848
2021-01-02,Saturday,1,True,False,10478.525310205912
2021-01-03,Sunday,1,True,False,11974.867368737076
2021-01-04,Monday,1,False,False,19726.04339179673
2021-01-05,Tuesday,1,False,False,18126.922978030252
2021-01-06,Wednesday,1,False,False,15578.152672687307
2021-01-07,Thursday,1,False,False,14430.946518553097
2021-01-08,Friday,1,False,False,11610.565324321178
2021-01-09,Saturday,1,True,False,11952.48823801435
2021-01-10,Sunday,1,True,False,12308.313630141485
2021-01-11,Monday,1,False,False,18674.55912526811
2021-01-12,Tuesday,1,False,False,17463.13547142149
2021-01-13,Wednesday,1,False,False,15659.948414846072
2021-01-14,Thursday,1,False,False,14574.053369622046
2021-01-15,Friday,1,False,False,12472.779953037325
2021-01-16,Saturday,1,True,False,10195.359181446498
2021-01-17,Sunday,1,True,False,11321.340364058751
2021-01-18,Monday,1,False,False,19843.36790654571
2021-01-19,Tuesday,1,False,False,17558.587814332914
2021-01-20,Wednesday,1,False,False,15417.352602222682
2021-01-21,Thursday,1,False,False,12111.536927395431
2021-01-22,Friday,1,False,False,13985.899013274895
2021-01-23,Saturday,1,True,False,12324.169119234333
2021-01-24,Sunday,1,True,False,13116.178163648134
2021-01-25,Monday,1,False,False,20229.7344269329
2021-01-26,Tuesday,1,False,False,19230.69047030495
2021-01-27,Wednesday,1,False,False,16740.55984281404
2021-01-28,Thursday,1,False,False,14757.232379121837
2021-01-29,Friday,1,False,False,12755.25159479273
2021-01-30,Saturday,1,True,False,9135.318708796605
2021-01-31,Sunday,1,True,False,11693.083045848514
2021-02-01,Monday,2,False,False,20733.67763524952
2021-02-02,Tuesday,2,False,False,18796.85020110862
2021-02-03,Wednesday,2,False,False,17139.71656394369
2021-02-04,Thursday,2,False,False,14452.48886855621
2021-02-05,Friday,2,False,False,9916.778424532196
2021-02-06,Saturday,2,True,False,10190.195704038024
2021-02-07,Sunday,2,True,False,13532.779394986092
2021-02-08,Monday,2,False,False,20275.770186840793
2021-02-09,Tuesday,2,False,False,17603.2765689758
2021-02-10,Wednesday,2,False,False,14965.765367280143
2021-02-11,Thursday,2,False,False,14753.070812480046
2021-02-12,Friday,2,False,False,11896.933646740488
2021-02-13,Saturday,2,True,False,11335.37472787367
2021-02-14,Sunday,2,True,False,10101.59236097816
2021-02-15,Monday,2,False,False,18785.595311058063
2021-02-16,Tuesday,2,False,False,16539.09302368609
2021-02-17,Wednesday,2,False,False,16510.006714729094
2021-02-18,Thursday,2,False,False,14948.8027220779
2021-02-19,Friday,2,False,False,12426.355108934307
2021-02-20,Saturday,2,True,False,9864.98331242343
2021-02-21,Sunday,2,True,False,12211.134394539042
2021-02-22,Monday,2,False,False,20228.805013782814
2021-02-23,Tuesday,2,False,False,17440.174125345515
2021-02-24,Wednesday,2,False,False,14053.960991230058
2021-02-25,Thursday,2,False,False,13759.14941716774
2021-02-26,Friday,2,False,False,9673.479541032113
2021-02-27,Saturday,2,True,False,9566.2768678113
2021-02-28,Sunday,2,True,False,11280.7801938351
2021-03-01,Monday,3,False,False,18438.326349431292
2021-03-02,Tuesday,3,False,False,17962.912487873557
2021-03-03,Wednesday,3,False,False,14077.454272789564
2021-03-04,Thursday,3,False,False,14359.170399460667
2021-03-05,Friday,3,False,False,11536.070714540996
2021-03-06,Saturday,3,True,False,9554.201728421169
2021-03-07,Sunday,3,True,False,10537.003129425877
2021-03-08,Monday,3,False,False,20122.12635630153
2021-03-09,Tuesday,3,False,False,16737.99209858658
2021-03-10,Wednesday,3,False,False,14751.107033647702
2021-03-11,Thursday,3,False,False,14087.783258980999
2021-03-12,Friday,3,False,False,11955.18694063254
2021-03-13,Saturday,3,True,False,8914.109479479746
2021-03-14,Sunday,3,True,False,13113.214524185583
2021-03-15,Monday,3,False,False,21832.426760883405
2021-03-16,Tuesday,3,False,False,19894.577149369037
2021-03-17,Wednesday,3,False,False,14603.837817587202
2021-03-18,Thursday,3,False,False,13986.53919938698
2021-03-19,Friday,3,False,False,11704.494573741598
2021-03-20,Saturday,3,True,False,7005.882658018289
2021-03-21,Sunday,3,True,False,11524.72122988173
2021-03-22,Monday,3,False,False,19621.32661071735
2021-03-23,Tuesday,3,False,False,17743.151692901076
2021-03-24,Wednesday,3,False,False,15458.872477486906
2021-03-25,Thursday,3,False,False,14954.001087474697
2021-03-26,Friday,3,False,False,12006.063242107923
2021-03-27,Saturday,3,True,False,10774.952380468323
2021-03-28,Sunday,3,True,False,12825.038471226655
2021-03-29,Monday,3,False,False,20224.490494583708
2021-03-30,Tuesday,3,False,False,17335.33910600231
2021-03-31,Wednesday,3,False,False,16912.292875244788
2021-04-01,Thursday,4,False,False,13280.50387658611
2021-04-02,Friday,4,False,False,11446.531807177364
2021-04-03,Saturday,4,True,False,11474.255846698265
2021-04-04,Sunday,4,True,False,12145.260871609224
2021-04-05,Monday,4,False,False,19213.199180161304
2021-04-06,Tuesday,4,False,False,18856.275841103197
2021-04-07,Wednesday,4,False,False,18134.12815983237
2021-04-08,Thursday,4,False,False,14216.447579896807
2021-04-09,Friday,4,False,False,12849.360773080622
2021-04-10,Saturday,4,True,False,8843.13483871638
2021-04-11,Sunday,4,True,False,13387.183194677486
2021-04-12,Monday,4,False,False,19593.247819804266
2021-04-13,Tuesday,4,False,False,18061.452352960507
2021-04-14,Wednesday,4,False,False,16054.133365179187
2021-04-15,Thursday,4,False,False,14319.748330387074
2021-04-16,Friday,4,False,False,11902.595613778409
2021-04-17,Saturday,4,True,False,6967.071303045959
2021-04-18,Sunday,4,True,False,11455.37471710589
2021-04-19,Monday,4,False,False,21725.100765213494
2021-04-20,Tuesday,4,False,False,18877.831871346538
2021-04-21,Wednesday,4,False,False,17060.42675267083
2021-04-22,Thursday,4,False,False,12632.744896677304
2021-04-23,Friday,4,False,False,11520.032120747328
2021-04-24,Saturday,4,True,False,8654.70955085103
2021-04-25,Sunday,4,True,False,10039.202183129113
2021-04-26,Monday,4,False,False,19948.868591854374
2021-04-27,Tuesday,4,False,False,17033.850685648362
2021-04-28,Wednesday,4,False,False,14347.686758795213
2021-04-29,Thursday,4,False,False,13468.754867699648
2021-04-30,Friday,4,False,False,11837.921979036175
2021-05-01,Saturday,5,True,False,9899.17867107098
2021-05-02,Sunday,5,True,False,11704.179751587952
2021-05-03,Monday,5,False,False,19833.92669628912
2021-05-04,Tuesday,5,False,False,17991.535421350964
2021-05-05,Wednesday,5,False,False,15732.492608757782
2021-05-06,Thursday,5,False,False,13265.39625858411
2021-05-07,Friday,5,False,False,10682.596200316595
2021-05-08,Saturday,5,True,False,9766.624263664582
2021-05-09,Sunday,5,True,False,11242.599294257969
2021-05-10,Monday,5,False,False,20951.099809488955
2021-05-11,Tuesday,5,False,False,17847.677353051302
2021-05-12,Wednesday,5,False,False,16498.424608472742
2021-05-13,Thursday,5,False,False,13932.516914504993
2021-05-14,Friday,5,False,False,11660.3015216163
2021-05-15,Saturday,5,True,False,11392.97197935688
2021-05-16,Sunday,5,True,False,11120.670100606549
2021-05-17,Monday,5,False,False,18730.087979492113
2021-05-18,Tuesday,5,False,False,18260.329346069313
2021-05-19,Wednesday,5,False,False,16710.861113065916
2021-05-20,Thursday,5,False,False,15983.82686239391
2021-05-21,Friday,5,False,False,11324.865049546359
2021-05-22,Saturday,5,True,False,10649.234381376218
2021-05-23,Sunday,5,True,False,13562.124428196865
2021-05-24,Monday,5,False,False,20270.390211415976
2021-05-25,Tuesday,5,False,False,18110.250525479896
2021-05-26,Wednesday,5,False,False,14698.216470349791
2021-05-27,Thursday,5,False,False,14408.832665966525
2021-05-28,Friday,5,False,False,12022.258882104503
2021-05-29,Saturday,5,True,False,8277.882288423583
2021-05-30,Sunday,5,True,False,11508.173548001609
2021-05-31,Monday,5,False,False,21488.59213599002
2021-06-01,Tuesday,6,False,True,22517.68744765551
2021-06-02,Wednesday,6,False,True,21652.880656350473
2021-06-03,Thursday,6,False,True,18307.671253336237
2021-06-04,Friday,6,False,True,19765.517340862654
2021-06-05,Saturday,6,True,True,15259.62569036258
2021-06-06,Sunday,6,True,True,17175.626662249535
2021-06-07,Monday,6,False,True,24561.198050054674
2021-06-08,Tuesday,6,False,True,22085.348150559465
2021-06-09,Wednesday,6,False,True,18860.459290051782
2021-06-10,Thursday,6,False,True,19167.659688841894
2021-06-11,Friday,6,False,True,17075.72681738396
2021-06-12,Saturday,6,True,True,15760.732739999941
2021-06-13,Sunday,6,True,True,17005.45521834447
2021-06-14,Monday,6,False,True,24203.675698330233
2021-06-15,Tuesday,6,False,True,23205.121079379474
2021-06-16,Wednesday,6,False,True,19872.81283580929
2021-06-17,Thursday,6,False,True,18973.334359332563
2021-06-18,Friday,6,False,True,17069.950296900955
2021-06-19,Saturday,6,True,True,12563.635584422562
2021-06-20,Sunday,6,True,True,15394.112421936828
2021-06-21,Monday,6,False,True,24381.765876619877
2021-06-22,Tuesday,6,False,True,20775.297945511807
2021-06-23,Wednesday,6,False,True,20687.566387598745
2021-06-24,Thursday,6,False,True,18307.403433679297
2021-06-25,Friday,6,False,True,18037.170519190946
2021-06-26,Saturday,6,True,True,15514.618183212111
2021-06-27,Sunday,6,True,True,17549.853556078597
2021-06-28,Monday,6,False,True,23263.346482277702
2021-06-29,Tuesday,6,False,True,23960.704951875337
2021-06-30,Wednesday,6,False,True,20796.491525379388
2021-07-01,Thursday,7,False,True,17057.45330912311
2021-07-02,Friday,7,False,True,17919.379138201377
2021-07-03,Saturday,7,True,True,14493.688804334379
2021-07-04,Sunday,7,True,True,17447.91963548106
2021-07-05,Monday,7,False,True,26546.22056901406
2021-07-06,Tuesday,7,False,True,22941.369651734636
2021-07-07,Wednesday,7,False,True,19862.45593953025
2021-07-08,Thursday,7,False,True,19905.23681820084
2021-07-09,Friday,7,False,True,17475.154420179846
2021-07-10,Saturday,7,True,True,15794.11528861124
2021-07-11,Sunday,7,True,True,18281.67133821731
2021-07-12,Monday,7,False,True,26311.27410330809
2021-07-13,Tuesday,7,False,True,21682.856276912196
2021-07-14,Wednesday,7,False,True,20750.94464466108
2021-07-15,Thursday,7,False,True,17833.776072165296
2021-07-16,Friday,7,False,True,17832.259911777714
2021-07-17,Saturday,7,True,True,16553.223322493013
2021-07-18,Sunday,7,True,True,16839.00078638393
2021-07-19,Monday,7,False,True,25871.42634411057
2021-07-20,Tuesday,7,False,True,24975.491457764292
2021-07-21,Wednesday,7,False,True,18576.741073215304
2021-07-22,Thursday,7,False,True,17922.82121879634
2021-07-23,Friday,7,False,True,16511.7787960453
2021-07-24,Saturday,7,True,True,14839.359363053221
2021-07-25,Sunday,7,True,True,16943.08791306949
2021-07-26,Monday,7,False,True,25171.953553039646
2021-07-27,Tuesday,7,False,True,21908.044669344046
2021-07-28,Wednesday,7,False,True,19376.765190160073
2021-07-29,Thursday,7,False,True,18570.80377509713
2021-07-30,Friday,7,False,True,17024.77931967204
2021-07-31,Saturday,7,True,True,15281.488049165577
2021-08-01,Sunday,8,True,True,17074.6514450934
2021-08-02,Monday,8,False,True,24619.772154691796
2021-08-03,Tuesday,8,False,True,23596.30123535119
2021-08-04,Wednesday,8,False,True,21297.21135786101
2021-08-05,Thursday,8,False,True,19283.03008044315
2021-08-06,Friday,8,False,True,17618.222005894713
2021-08-07,Saturday,8,True,True,14509.108546701176
2021-08-08,Sunday,8,True,True,17447.144161006032
2021-08-09,Monday,8,False,True,23784.673063371534
2021-08-10,Tuesday,8,False,True,23314.698164548023
2021-08-11,Wednesday,8,False,True,22332.95213916443
2021-08-12,Thursday,8,False,True,20298.40284779717
2021-08-13,Friday,8,False,True,16322.340471780439
2021-08-14,Saturday,8,True,True,15892.458487136542
2021-08-15,Sunday,8,True,True,17331.746575477126
2021-08-16,Monday,8,False,True,25728.15256788173
2021-08-17,Tuesday,8,False,True,24506.660359934507
2021-08-18,Wednesday,8,False,True,21748.788018522082
2021-08-19,Thursday,8,False,True,21298.240667699753
2021-08-20,Friday,8,False,True,16019.43302222204
2021-08-21,Saturday,8,True,True,16635.20360364136
2021-08-22,Sunday,8,True,True,16529.992674949543
2021-08-23,Monday,8,False,True,25260.925801954916
2021-08-24,Tuesday,8,False,True,23189.791191527707
2021-08-25,Wednesday,8,False,True,19197.58251634066
2021-08-26,Thursday,8,False,True,17681.63923048277
2021-08-27,Friday,8,False,True,17196.398842210026
2021-08-28,Saturday,8,True,True,15529.88081232155
2021-08-29,Sunday,8,True,True,15223.088030468878
2021-08-30,Monday,8,False,True,25859.389112852517
2021-08-31,Tuesday,8,False,True,22422.375104237886
2021-09-01,Wednesday,9,False,False,17168.305908589904
2021-09-02,Thursday,9,False,False,14662.961721400316
2021-09-03,Friday,9,False,False,12205.938601485383
2021-09-04,Saturday,9,True,False,8167.798030587954
2021-09-05,Sunday,9,True,False,10657.574403098828
2021-09-06,Monday,9,False,False,19112.109571569134
2021-09-07,Tuesday,9,False,False,17579.64186708871
2021-09-08,Wednesday,9,False,False,16130.369347660779
2021-09-09,Thursday,9,False,False,14582.871003659584
2021-09-10,Friday,9,False,False,10943.854289360366
2021-09-11,Saturday,9,True,False,9943.770983581717
2021-09-12,Sunday,9,True,False,10425.144306235194
2021-09-13,Monday,9,False,False,22536.19079713991
2021-09-14,Tuesday,9,False,False,18287.601914617517
2021-09-15,Wednesday,9,False,False,15753.982532409358
2021-09-16,Thursday,9,False,False,13957.967424315179
2021-09-17,Friday,9,False,False,11712.574910219437
2021-09-18,Saturday,9,True,False,10349.024182629015
2021-09-19,Sunday,9,True,False,11273.005193886695
2021-09-20,Monday,9,False,False,18166.03337374109
2021-09-21,Tuesday,9,False,False,17495.619842319906
2021-09-22,Wednesday,9,False,False,17625.889274055255
2021-09-23,Thursday,9,False,False,13623.972179298522
2021-09-24,Friday,9,False,False,11795.438088374663
2021-09-25,Saturday,9,True,False,9762.873999872438
2021-09-26,Sunday,9,True,False,11979.13457914594
2021-09-27,Monday,9,False,False,18959.121060637608
2021-09-28,Tuesday,9,False,False,17500.878947928508
2021-09-29,Wednesday,9,False,False,15674.06748097758
2021-09-30,Thursday,9,False,False,13133.668359464262
2021-10-01,Friday,10,False,False,11868.634533383547
2021-10-02,Saturday,10,True,False,9387.25304666186
2021-10-03,Sunday,10,True,False,12547.010834630766
2021-10-04,Monday,10,False,False,20012.00393383085
2021-10-05,Tuesday,10,False,False,18512.236385683475
2021-10-06,Wednesday,10,False,False,17027.14403020393
2021-10-07,Thursday,10,False,False,13151.140122385848
2021-10-08,Friday,10,False,False,10159.636505193144
2021-10-09,Saturday,10,True,False,9639.375447279737
2021-10-10,Sunday,10,True,False,12028.715682645603
2021-10-11,Monday,10,False,False,21410.51582968302
2021-10-12,Tuesday,10,False,False,18498.770755044236
2021-10-13,Wednesday,10,False,False,14834.580139677684
2021-10-14,Thursday,10,False,False,13620.577437407079
2021-10-15,Friday,10,False,False,12584.391886697269
2021-10-16,Saturday,10,True,False,10184.134899659459
2021-10-17,Sunday,10,True,False,11914.05019140055
2021-10-18,Monday,10,False,False,19926.912357436664
2021-10-19,Tuesday,10,False,False,18646.73498335117
2021-10-20,Wednesday,10,False,False,16224.89564182893
2021-10-21,Thursday,10,False,False,15052.565177874223
2021-10-22,Friday,10,False,False,12135.663593851881
2021-10-23,Saturday,10,True,False,8608.509302607665
2021-10-24,Sunday,10,True,False,14518.886987275317
2021-10-25,Monday,10,False,False,19557.576937130274
2021-10-26,Tuesday,10,False,False,18589.74545599042
2021-10-27,Wednesday,10,False,False,15911.137978508425
2021-10-28,Thursday,10,False,False,14763.594928288923
2021-10-29,Friday,10,False,False,10614.727644924424
2021-10-30,Saturday,10,True,False,8415.457138919133
2021-10-31,Sunday,10,True,False,11846.259561444927
2021-11-01,Monday,11,False,False,18128.930111037018
2021-11-02,Tuesday,11,False,False,16456.755851430462
2021-11-03,Wednesday,11,False,False,15029.857517172972
2021-11-04,Thursday,11,False,False,14119.861517428899
2021-11-05,Friday,11,False,False,12329.161729492173
2021-11-06,Saturday,11,True,False,9372.246046327082
2021-11-07,Sunday,11,True,False,11553.445918663003
2021-11-08,Monday,11,False,False,20129.80081316513
2021-11-09,Tuesday,11,False,False,17888.152234051788
2021-11-10,Wednesday,11,False,False,15796.486708547336
2021-11-11,Thursday,11,False,False,14933.053561004597
2021-11-12,Friday,11,False,False,12579.848896136657
2021-11-13,Saturday,11,True,False,10444.543518672937
2021-11-14,Sunday,11,True,False,11924.931326258431
2021-11-15,Monday,11,False,False,20368.0496210699
2021-11-16,Tuesday,11,False,False,19324.077915965176
2021-11-17,Wednesday,11,False,False,17107.4928460337
2021-11-18,Thursday,11,False,False,14760.624160579046
2021-11-19,Friday,11,False,False,11612.575385822136
2021-11-20,Saturday,11,True,False,8896.236589250511
2021-11-21,Sunday,11,True,False,11597.51227358322
2021-11-22,Monday,11,False,False,20392.261470168338
2021-11-23,Tuesday,11,False,False,16741.12591362848
2021-11-24,Wednesday,11,False,False,15888.875957564964
2021-11-25,Thursday,11,False,False,14384.589223474477
2021-11-26,Friday,11,False,False,13286.291047708151
2021-11-27,Saturday,11,True,False,11514.783658981649
2021-11-28,Sunday,11,True,False,15182.212976453537
2021-11-29,Monday,11,False,False,21879.521019302847
2021-11-30,Tuesday,11,False,False,18762.65572021922
2021-12-01,Wednesday,12,False,False,15270.960129474743
2021-12-02,Thursday,12,False,False,15693.164502158668
2021-12-03,Friday,12,False,False,11839.367428294983
2021-12-04,Saturday,12,True,False,9438.03637833015
2021-12-05,Sunday,12,True,False,10786.498815064322
2021-12-06,Monday,12,False,False,20521.430206037945
2021-12-07,Tuesday,12,False,False,17577.743550747055
2021-12-08,Wednesday,12,False,False,15806.790040818581
2021-12-09,Thursday,12,False,False,14139.172369979467
2021-12-10,Friday,12,False,False,12817.50936583951
2021-12-11,Saturday,12,True,False,10415.720226531677
2021-12-12,Sunday,12,True,False,12147.32516168483
2021-12-13,Monday,12,False,False,21580.8185207969
2021-12-14,Tuesday,12,False,False,18976.0545303604
2021-12-15,Wednesday,12,False,False,16011.851954170737
2021-12-16,Thursday,12,False,False,13104.533890856766
2021-12-17,Friday,12,False,False,12456.950224248547
2021-12-18,Saturday,12,True,False,9426.524946360902
2021-12-19,Sunday,12,True,False,12451.536665134265
2021-12-20,Monday,12,False,False,21597.87349506185
2021-12-21,Tuesday,12,False,False,18314.927020290976
2021-12-22,Wednesday,12,False,False,16671.74292759692
2021-12-23,Thursday,12,False,False,13297.730212715593
2021-12-24,Friday,12,False,False,13020.97259975143
2021-12-25,Saturday,12,True,False,10479.171999368375
2021-12-26,Sunday,12,True,False,12190.787176720667
2021-12-27,Monday,12,False,False,19586.102851063864
2021-12-28,Tuesday,12,False,False,18432.47268651878
2021-12-29,Wednesday,12,False,False,15970.751476100728
2021-12-30,Thursday,12,False,False,11965.973262009928
